n_estimators,max_samples,max_features,pr_auc,roc_auc,recall_top1%,precision_top,f1_top,segundos,lift_pr
100,4096,0.5,0.48775875067826174,0.9185823432398775,0.2937062937062937,0.7636363636363637,0.4242424242424242,0.3097178000025451,18.91344246511162
300,4096,1.0,0.4844814345507756,0.9232167314359095,0.27972027972027974,0.7272727272727273,0.40404040404040403,0.7362007999327034,18.786360521566788
100,4096,1.0,0.4685059319396398,0.9169046429320402,0.26573426573426573,0.6909090909090909,0.3838383838383838,0.2638669000007212,18.16689085737974
100,1024,0.5,0.4636264510325629,0.9269824954756462,0.26573426573426573,0.6909090909090909,0.3838383838383838,0.29106140008661896,17.977683013815113
300,4096,0.5,0.46210715052847756,0.9202483928511326,0.27972027972027974,0.7272727272727273,0.40404040404040403,0.8667383000720292,17.918770277485372
300,4096,0.75,0.4477198376671671,0.9198406184707554,0.26573426573426573,0.6909090909090909,0.3838383838383838,0.897547300090082,17.360884614436657
300,1024,0.5,0.44325478292475473,0.9277449688408592,0.25874125874125875,0.6727272727272727,0.37373737373737376,0.8116208000574261,17.187746652571786
100,4096,0.75,0.4402213285578654,0.9142508731549828,0.2727272727272727,0.7090909090909091,0.3939393939393939,0.3886588999303058,17.07012074722632
300,1024,1.0,0.42594901931363965,0.9162379641831696,0.2517482517482518,0.6545454545454545,0.3636363636363637,0.7014737999998033,16.516694490168756
100,1024,1.0,0.4077189218563472,0.9123543986557685,0.24475524475524477,0.6363636363636364,0.35353535353535354,0.24164379993453622,15.809800151702417
100,1024,0.75,0.40050502245412084,0.8900368420916366,0.24475524475524477,0.6363636363636364,0.35353535353535354,0.29301409993786365,15.530072374182518
300,1024,0.75,0.3909416811886929,0.9067775985584206,0.23076923076923078,0.6,0.33333333333333337,0.825201400090009,15.15924211322589
100,256,0.5,0.38855435188746473,0.9230121969847999,0.22377622377622378,0.5818181818181818,0.3232323232323232,0.4065433000214398,15.06667049801393
300,256,0.5,0.3520533295986117,0.9192839740784946,0.2097902097902098,0.5454545454545454,0.30303030303030304,0.7197487000375986,13.651298689680432
300,256,1.0,0.3349262591485222,0.905151679124282,0.1958041958041958,0.509090909090909,0.2828282828282828,0.6559856999665499,12.987175573276613
100,256,0.75,0.3343527817075406,0.8977741991440621,0.22377622377622378,0.5818181818181818,0.3232323232323232,0.28099130000919104,12.964938283694496
100,256,1.0,0.3089819804257164,0.8953223747744297,0.1888111888111888,0.4909090909090909,0.2727272727272727,0.291033299989067,11.981154415808374
300,256,0.75,0.29919627986286484,0.8986583575624671,0.17482517482517482,0.45454545454545453,0.2525252525252525,0.764668200048618,11.601701900976124
