k,distancia,pr_auc,roc_auc,recall_top1%,precision_top,f1_top,segundos,lift_pr
2,relativa,0.6599398856761738,0.9680887420613448,0.34965034965034963,0.9090909090909091,0.505050505050505,0.11876710003707558,25.589976685834852
3,absoluta,0.6444408221383144,0.9696991272333738,0.34965034965034963,0.9090909090909091,0.505050505050505,0.06985870003700256,24.988981529768907
2,absoluta,0.6426297745741074,0.9658013219657056,0.35664335664335667,0.9272727272727272,0.5151515151515151,0.11383919999934733,24.91875594414983
4,absoluta,0.6410732637316459,0.9689690169142224,0.34965034965034963,0.9090909090909091,0.505050505050505,0.06702930002938956,24.858400331412422
4,relativa,0.6191907026422083,0.9660679934652537,0.34265734265734266,0.8909090909090909,0.4949494949494949,0.07209070003591478,24.009877245811506
3,relativa,0.6138828654764105,0.9655022874200957,0.3356643356643357,0.8727272727272727,0.48484848484848486,0.07488890003878623,23.80405936410277
6,absoluta,0.6005158913043226,0.9642271834052656,0.34265734265734266,0.8909090909090909,0.4949494949494949,0.0779686999740079,23.285738582394888
5,absoluta,0.568729733601605,0.9523732468937948,0.3146853146853147,0.8181818181818182,0.4545454545454546,0.06575619999784976,22.05319141832797
5,relativa,0.5379705715855712,0.9012163327231819,0.27972027972027974,0.7272727272727273,0.40404040404040403,0.07189439993817359,20.860467268825122
8,absoluta,0.46280335117706123,0.9437724437724437,0.24475524475524477,0.6363636363636364,0.35353535353535354,0.13079060008749366,17.945766309628006
6,relativa,0.43530947555128796,0.9383199177719727,0.27972027972027974,0.7272727272727273,0.40404040404040403,0.08658979996107519,16.879657635887355
10,absoluta,0.33903045941147,0.8852587619710908,0.2517482517482518,0.6545454545454545,0.3636363636363637,0.12006090010982007,13.146320961095112
12,absoluta,0.2802909024366706,0.8554213280240678,0.18181818181818182,0.4727272727272727,0.26262626262626265,0.14531930000521243,10.868622755324045
8,relativa,0.27877417514043684,0.8424942329051919,0.16783216783216784,0.43636363636363634,0.24242424242424243,0.13785000005736947,10.80980979827778
10,relativa,0.08766794785380036,0.6187296598255503,0.06993006993006994,0.18181818181818182,0.10101010101010101,0.12500350002665073,3.39943196398128
12,relativa,0.05783963453301318,0.647668695613901,0.04895104895104895,0.12727272727272726,0.0707070707070707,0.1545384000055492,2.24280261178712
