gamma_factor,nu,gamma,pr_auc,roc_auc,recall_top1%,precision_top,f1_top,segundos,lift_pr
1.0,0.05,0.022307203078299143,0.5369371110800998,0.9450941505736027,0.32867132867132864,0.8545454545454545,0.4747474747474747,5.426779099972919,20.820393573001073
0.5,0.05,0.011153601539149571,0.5330336448620498,0.9489298187928324,0.3146853146853147,0.8181818181818182,0.4545454545454546,3.9272928000427783,20.66903189342704
0.25,0.05,0.005576800769574786,0.525315116034082,0.9491460039405245,0.2937062937062937,0.7636363636363637,0.4242424242424242,3.510277000023052,20.369736492370524
2.0,0.05,0.044614406156598285,0.45943888217960793,0.9296751009079777,0.2517482517482518,0.6545454545454545,0.3636363636363637,5.445687800063752,17.81530490689459
4.0,0.05,0.08922881231319657,0.39359493825455916,0.9194496728743304,0.22377622377622378,0.5818181818181818,0.3232323232323232,7.526512100012042,15.262125402947767
4.0,0.01,0.08922881231319657,0.3929198841474592,0.9194859194859195,0.22377622377622378,0.5818181818181818,0.3232323232323232,6.833523500012234,15.2359493538298
4.0,0.005,0.08922881231319657,0.3926657682069366,0.9194807413985496,0.22377622377622378,0.5818181818181818,0.3232323232323232,7.147727999952622,15.22609569725499
0.25,0.01,0.005576800769574786,0.3879596526421045,0.9051374393840148,0.25874125874125875,0.6727272727272727,0.37373737373737376,0.6732086000265554,15.043610306996293
2.0,0.01,0.044614406156598285,0.35462533856277195,0.9159997721641557,0.21678321678321677,0.5636363636363636,0.3131313131313131,3.0979302000487223,13.751031484829165
2.0,0.005,0.044614406156598285,0.3544450674233056,0.9159363405938749,0.21678321678321677,0.5636363636363636,0.3131313131313131,3.2036928000161424,13.744041250784823
0.5,0.01,0.011153601539149571,0.34329371243207957,0.901549024836696,0.1888111888111888,0.4909090909090909,0.2727272727272727,0.7893683000002056,13.311633814236933
0.25,0.005,0.005576800769574786,0.3219833654955238,0.8888717724334162,0.21678321678321677,0.5636363636363636,0.3131313131313131,0.5173181999707595,12.485299032676082
0.5,0.005,0.011153601539149571,0.30757189740086127,0.8954492379149914,0.16783216783216784,0.43636363636363634,0.24242424242424243,0.5957797999726608,11.926476720893538
1.0,0.01,0.022307203078299143,0.29736686366575565,0.8898103007692049,0.17482517482517482,0.45454545454545453,0.2525252525252525,1.2829526000423357,11.530764049137169
1.0,0.005,0.022307203078299143,0.2953218643033898,0.8900200133076847,0.16783216783216784,0.43636363636363634,0.24242424242424243,1.2866337000159547,11.451466696239835
